Title,Description,Link,Official Link,Deadline,Eligibility,Host Country,Host University,Program Duration,Degree Offered
Schwarzman Scholars Programme 2026-27 in China | Fully Funded,"If you want to be an influential leader and create a prosperous future, then come forward and become part of the distinguished program that is the Schwarzman Scholars Programme 2026-27 in China. The Schwarzman Scholarship program in China aims to provide a platform to diverse strata of global young leaders.Every year, the program selects a maximum of 200 candidates through a highly competitive process.Through this fully-fundedmaster’s scholarship programwill be able to promote their native cultures and will be able to establish goodwill in their countries.
The fully-funded master’s degree scholarship program will be held at Tsinghua University which is a hub of China’s influential leaders. This Schwarzman Scholars Program 2026-27 s for candidates who have a bachelor’s degree and have a keen interest to be a great leader. It is ranked #15 in QS Global World Rankings 2021. Thisinternational scholarship programis for those candidates who have a bachelor’s degree and have a keen interest in being great leaders.
A candidate would be prioritized based on academic excellence, achievements, exceptional leadership qualities, and academic records. The fully-funded international scholarship program is a golden opportunity to build cross-cultural understanding. The program offers an exciting and engaging curriculum and the chance to explore China while being part of a group of global leaders. The program includes expert advisers, a challenging and innovative study of global issues, and practical experiences to learn about Chinese culture and business. .
Schwarzman Scholars Programme is afully-funded one-year degree scholarship programthat includes travel expenses, full tuition fee, study tours allowance, stipend, personal laptop, allowance for course books, and medical insurance. The selection process for this Tsinghua University scholarship is very competitive. Candidates who have been chosen are invited to participate in in-person interviews with international panels consisting of prominent individuals such as CEOs, former heads of state, university presidents, non-profit executives, journalists, and other influential leaders from around the world.",https://scholarshipscorner.website/schwarzman-scholars-programme/,https://connect.schwarzmanscholars.org/apply/,The application deadline is different for Chinese and other global citizens:,"All international, as well as Chinese citizens, are eligible to apply.A candidate must have either a bachelor’s or another professional degree.A candidate must be 18 to 28 years of age.A candidate must submit English Language Proficiency scores.",China,Tsinghua University,1 year,
Dalian University CSC Scholarship in China 2025 | Fully Funded,"Dalian University CSC scholarship 2025 in China is a wonderful option for non-Chinese citizens seeking to pursue their master’s or doctorate-level programs abroad. TheChinese Government ScholarshipHigh-Level Postgraduate Program 2025 provides students with an opportunity to work with people belonging to different cultures, religions, ethnicities, and socio-political and economic environments. The students learn different disciplines and their relevant educational activities under the mentorship of the world’s top-ranked supervisors.
TheChinese scholarship for international studentsabroad seeks to build a constellation of solutions driven by bright minds from around the world. The program offers degrees in all major subjects in both Chinese and English languages but the specialization of literature and arts is only instructed in the Chinese language. Thisfully-funded scholarship programis envisioned to bring fruitful transformations in the world by promoting the prime graduates of international universities. In this way, high-scoring individuals help provide strong footings to the roots of their native countries.
The DUT 2025 scholarships on Chinese land allows brilliant and fervent individuals to enrich their academic knowledge and career development through learning new and polishing the potentially acquired professional skills during their stay in China. Besides, it awards bright minds with an opportunity to learn social responsibility, religious tolerance, and respect for individual dignity and maintain everyone’s dignity during the scholarship period and beyond. Moreover, this Dalian UniversityScholarship in Chinadirects students to put forward the best possible solutions to the world’s critical issues with the help of their practical and theoretical approaches.
The Chinese Government Scholarship-Chinese University Program 2025 is being conducted in collaboration with the Dalian University of Technology. The university is recognized as the key university which is running its operations under the direct leadership of the Chinese educational ministry. The DUT intends to produce specialized stars accompanied by scientific and technological developments. Inheriting its long-lasting tradition and leading the new trends are also the core values of the institutes. The DUT is regarded as one of the highly reputed universities due to its professional management and good study environment.",https://scholarshipscorner.website/dalian-university-csc-scholarship-china/,https://sie.dlut.edu.cn/English/Scholarship1/CSC_Scholarship/Chinese_University_Program.htm,"The application deadline for the Dalian University CSC scholarship program 2023 in China isFebruary 15, 2024.","Candidates must be non-Chinese citizens.Candidates from around the world are eligible for the program.Students must meet the language requirements for the specified degrees.HSK certificate will be required for Chinese-taught programs. HSK 4 180 or more for specialization in science, technology, economics, and management. HSK 5 180 or more for specialization in humanities, philosophy, and social sciences.For English language courses, the IELTS score must be 5. 5, or higher and for TOEFL, the score must be 80 or higher.Applicants belonging to countries where English is an official language are exempted from the proof of English proficiency certificate.The applicants applying for master’s degrees should possess a bachelor’s degree and be under the age of 35 years.The applicants applying for doctoral degrees must possess a master’s degree and be under the age of 40.",China,Dalian University of Technology,Master’s Scholarships for international studentsin China (3 years)PhD scholarships for international studentsin China (4 years),Master’s Degree LevelDoctoral Degree Level
Chinese Government Scholarship Silk Road Program 2025 | Fully Funded,"Chinese Government ScholarshipSilk Road Program 2025 in China is sponsored by Chinese Government to support international students and students to pursue their studies and conduct research at different universities of China. The university has an attractive location, wonderful surroundings and feasible transportation options. Nanjing University is ranked among top 5 universities in China and is renowned for its excellent academic standing.
The purpose of thisCSC Scholarship, afully funded scholarshipprogram in China, is to promote interpersonal relationships and collaboration between China and other countries in education, culture, economics, and technology. Nanjing, one of the top tourist cities in China, boasts many historical and cultural sites. Students can explore these famous tourist resorts during weekends. These recreational activities will keep students engaged throughout their study program.
The Institute offers scholarship for bachelor’s and master’s students from across the world with its highly qualified faculty, comprehensive curriculum and instruction, a broad spectrum of fields of study, variety of courses, and ample research opportunities. Students will have multiple facilities available to fulfill their everyday needs including banks, post offices, bookstores, and gyms within the university campus or nearby. Students will have international exposure by interacting and participating in different activities and will help them to learn new and exciting things.",https://scholarshipscorner.website/chinese-government-scholarship-silk-road-program/,https://hwxy.nju.edu.cn/English/StudyatNJU/Scholarships/ChineseGovernmentScholarship/20230414/i242760.html,"The last date to apply is15thMarch, 2025.","Bachelor’s students can apply in Major Chinese Language-Business Chinese.Master’s students can apply in Information Resources Management program.Applicants of bachelor’s program should be older than 18 years old and younger than 25 years old.Applicants of master’s program should not be older than 35 years old.Candidates should have nationality of a country which is included in the list of the countries along the Belt and Road.Bachelor’s program applicants should have a high school diploma and master’s program applicants should have a bachelor’s degree.For applying in bachelor’s program, candidates should have HSK level 5.For applying in master’s program, candidates should have IELTS 6.0/TOEFL 85 or TOEFL Essentials 9.",China,,Bachelor’s program: 4 yearsMaster’s program: 2 years,
Xiamen University CSC Scholarship 2025 | Fully Funded | Chinese Government Scholarship,"Xiamen University CSC Scholarship 2025 is offered by theChinese Government Scholarship Programto promote Chinese higher education on international level. Xiamen University is one of the reputable universities assigned to select foreign students for studying in degree programs under this fully funded scholarship programin China. Students will have the option to study their educational degrees either in Chinese or English medium.
XMU has developed an integrated and diverse educational system that produces graduates with exceptional skill and potential by using an excellent professional development model. Renowned researchers and educators come together to introduce new and innovative ideas for global advancement. This scholarship program for Bachelor’s, Master’s and Doctoral students are offered in diverse fields including Humanities and Arts, Social Science, Natural Science, Engineering and Technology, Medicine and Life Science, Earth Science and Technology.
XMU is dedicated to help students in developing and enhancing the knowledge and abilities needed to make important contributions to humanity. During CSCscholarship for international students, students will get to see different tourist attractions and cultural heritage sites in the Xiamen city including Gulangsu, Island Ring Boulevard and Wuyuan Bay. Students who are fond of Chinese food will get to taste various seafood delicacies as well.",https://scholarshipscorner.website/xiamen-university-csc-scholarship/,https://admissions.xmu.edu.cn/info/1038/1863.htm,"The last date to apply is15thFebruary, 2025.",Applicants should be citizens of a country other than China.Applicants should be in good physical and mental health.Candidates should have gained the Chinese proficiency of HSK Level 4 for applying in Chinese- taught master’s or doctoral programs.Candidates should fulfill the admission requirements of the universities where they are applying.Candidates applying for Bachelor’s programs should have excellent academic record of high school diploma and should be under 25 years old.Candidates applying for Master’s programs should have excellent academic record of Bachelor’s degree and should be under 35 years old.Candidates applying for Doctoral programs should have excellent academic record of Master’s degree and should be under 40 years old.Applicants who receive Chinese Government Scholarship cannot avail any other scholarships funded by Chinese governments of different levels.,China,,,
Zhejiang University CSC Scholarship 2025 in China | Fully Funded,"Do your circumstances not allow you to pursue higher degrees in a foreign country? Chinese Zhejiang UniversityCSC Scholarship 2025is a creditable opportunity for international students. China has brought such opportunities to the people of all continents to establish cooperative relationships among the countries.  After completing yourfully-funded scholarship program in China, you will feel that your personality will have been professionally groomed, and you will have learned the skills necessary for career growth.
ThisChinese Government Scholarship(CSC Scholarship) is available in English or the Chinese language. The opportunity is available for the master’s and doctoral levels. Thus, everyone with excellent command of any language can apply for this scholarship.  If your language requirements do not meet the standard score requirement, Moreover, the Zhejiang Universityscholarship for international studentsprovides a handsome stipend amount, accommodation facility, and medical insurance coverage are the attractive features of this option that help grab brilliant minds towards China.
Zhejiang University is one of the top-rated universities that help develop the pool of international students in China. Similarly, the university aims to boost the perception of Chinese higher education in the world. Every year, the institute accepts hundreds of CSC scholarship candidates, has excellent academic records, and abides by institute laws and regulations. Moreover, the students are encouraged to participate in extra-curricular activities that help them nourish properly.
The Chinese university has reached your doorstep to provide you with a full scholarship in a friendly environment. This will be a worthy chance for you to learn the dynamics of development while studying and residing in the world’s emerging economy. Further, the beautiful location surrounded by natural greenery and the freshwater of lakes and rivers will provide you with a mentally and physically refreshing environment.",https://scholarshipscorner.website/zhejiang-university-csc-scholarship-china/,https://iczu.zju.edu.cn/admissionsen/2022/0530/c68995a2590720/page.htm#/register,"The application deadline for this scholarship to study in China isDecember 31,2024(Beijing Time).",General Requirements for all applicants:,China,,3-4 academic years for Doctoral Scholarship in China2-3 academic years for Master’s Scholarship in China,Master’s Degree ProgramDoctoral Degree Program
HIT Chinese Government Scholarship in China 2025 | Fully Funded,"HIT Chinese Government Scholarship in China 2025 is now accepting applications under theChinese Government Scholarship–ChineseUniversity Program which is one of the biggest scholarship programs in the World. Harbin Institute of Technology Scholarship in China providesfully funded scholarshipsfor master’s and doctoral programs. The HIT scholarship for international students will cover all the expenses of the selected candidates.
In 1920, the Harbin Institute of Technology was established and since then it has been offering multidisciplinary fields of study and empowering many individuals around the world. HIT established the first School of Astronautics in China. It is one of the leading universities in China. All candidates will be learning leadership skills and conducting research under the supervision of the best researchers.
All students eager to pursue their postgraduate studies in the field of Science and Engineering should apply for this CSC scholarships in China. Harbin Institute of Technology will select the best candidates for this scholarship. Presently HIT is a member of China’s top nine University Union (C9). It is a National Key University with science and engineering as its core and has developed with management, liberal arts, economy, law, and other disciplines.
Chinese Government Scholarship is one of the world’stop scholarship programsin the world. Studying in China on a fully-funded scholarship is an excellent opportunity for those who want to study at top universities in China.274 Chinese universities are offering CSC Scholarships to international students. The CGS scholarship covers all the costs of the selected students for the duration of the program.",https://scholarshipscorner.website/hit-chinese-government-scholarship-china/,https://studyathit.hit.edu.cn/18366/list.htm,"Stage 1: December 31st, 2024 and Stage 2: February 20th, 2025
Apply NowOfficial Link","All international and non-Chinese candidates may apply.Applicants applying for the master’s program must hold a bachelor’s degree.Applicants applying for the doctoral program must hold a master’s degree.Applicants can apply under the age of 35 years for a master’s program.Applicants can apply under the age of 40 years for the Doctoral program.Applicants should have a good academic record.The applicant should have good research ability.
Learnhow to accept an acceptance letter from a professor.",China,Harbin Institute of Technology,Master’s Scholarship in China:2-3 YearsPhD Scholarship in China:4-5 Years,Master’s Degree ProgramDoctoral Degree Program
Beijing Institute of Technology Scholarship in China 2025 | Fully Funded | BIT CSC Scholarship,,https://scholarshipscorner.website/beijing-institute-of-technology-scholarship-in-china/,https://isc.bit.edu.cn/admissionsaid/financialaid/scholarships/b112920.htm,"The application deadline for the Beijing Institute of Technology Scholarship isFebruary 15, 2024.
Apply NowOfficial Link","Candidates must be non-Chinese citizens.Candidates must be ready to comply with Chinese government laws, rules, and regulations.Candidates must possess good health.Applicants applying for the master’s programs must be under the age of 35 years. Applicants applying for the Ph.D. program must be under the age of 40 years.Applicants applying for master’s programs must have a bachelor’s degree or equivalent educational background.Applicants applying for the Ph.D. program must have a master’s degree or equivalent educational background.Candidates applying for Chinese-specific programs must have a minimum level 5 in HSK. For English teaching programs, a proof of English proficiency requiredMBA applicants must have relevant experience of one year.",China,Beijing Institute of Technology (BIT),,
Tsinghua University Scholarship in China 2025 | Fully Funded,"Call for applications for the Tsinghua UniversityScholarship in China. Tsinghua University (THU) is offeringfully funded scholarshipin China for students from all over the world. International students who live and study in Beijing, China, are exposed to the country’s vibrant and unlimited opportunities. Tsinghua University is recognized for its outstanding research and teaching, as well as its socially responsible attitude. The institute is dedicated to motivate the next generation of global leaders with a commitment to innovation and quality.
The Tsinghua campus provides an excellent setting for education and research, and “Life at Tsinghua” involves much more than the knowledge given in classrooms. With over 200 student associations and organizations, the university has active and diverse community on campus. Thisscholarship for interntational studentsincludes Hallmark events like the international cultural festival, talent show, international student Gala Night, and on-campus marathon.
Tsinghua University scholarship program for Master’s and Doctoral degrees are offered in 50 schools and departments in English and Chinese. The duration of Master’s degree program is 2-3 years and Doctoral degree in 3-4 years. Degree programs are offered in science, engineering, literature, art, history, philosophy, economics, management, law, education, and medicine.
Tsinghua promotes global competence as an important part of students’ academic curriculum, co-curriculum, and extracurricular activities through numerous foreign learning opportunities. Diverse degree programs provide students with an extensive understanding of international relations, social competence, foreign language proficiency, and leadership skills. This international scholarship is offering both full and partial funding.",https://scholarshipscorner.website/tsinghua-university-scholarships-china/,https://yz.tsinghua.edu.cn/en/info/1035/1444.htm,The last date to apply is different for different programs’,"There is application fee for Tsinghua Graduate Programs but no fees for Chinese Government Scholarship (CGS) and tuition scholarships.Chinese citizens cannot apply.Candidates should have a valid personal passport.Candidates applying for Master’s degree program should have a Bachelor’s degree in China.Candidates applying for doctoral degree program must have a Master’s degree in China.While enrolling, candidates must submit their bachelor’s or master’s degree before student registration date.Candidates should meet the health requirements mentioned by THU.Candidates should have a good character and show follow all rules of the university.Chinese or English language proficiency is required.Candidates should fulfill the specific requirements of working years.",China,Tsinghua University,,
Yenching Academy Scholarship in China 2026 | Fully Funded,"Yenching Academy Scholarship 2026 in China invites graduates from all around the globe to continue their master’s degree program on afully-funded scholarship program. The students who demonstrate excellent academic, as well as and extracurricular records, are highly welcomed in this Chinese scholarship for masters. Importantly the best scholarship for national and international students does not have any restrictions on prior courses of study. Yenching Academy of Peking University grant allows every student who has a deep-rooted interest in China’s interdisciplinary studies – to try his/her luck.
The Peking Universityscholarship in Chinaallows students from every nook and corner of the world to study in China for free. This is evident from the fact that 80% of Yenching Academy students are international students. Among them, almost 30-35% of students belong to Europe, 25-30% of students are from U.S. and Canada, and 30-35% of students come from the rest of the world. So the Yenching fellowship provides a chance for the students to diversify their vision by interacting with students of multiple nationalities.
The Yenching Academy of Peking University fellowship gives the scholar an opportunity to gain detailed insight into Chinese study and culture. In addition, the Yenching scholars have a choice to select the area of research according to their own interests. However, Yenching Academy offers six different areas of research to make it easy for scholars to choose from them. These areas of research include economics and management, history and archeology, philosophy and religion, politics and international relations, law and society, and literature and culture.
For many reasons, the Yenching Academy is the best study destination for national and international students. Besides thefully-funded scholarshipfor the young fellows, the Academy offers its fellows career advising services to take part in internships and volunteer work in their second academic year. That is why the Yenching graduates are always seen in esteemed institutes like Cambridge, Oxford, Harvard, Yale, Duke University of Chicago, Georgetown University, Peking University, and more. Furthermore, the graduates are also seen in the world’s top-class organizations or in public-private sectors as employees in key positions.",https://scholarshipscorner.website/yenching-academy-scholarship-in-china/,https://yenchingacademy.pku.edu.cn/ADMISSIONS.htm,"For Mainland Chinese Candidates:May 16, 2025
Apply NowOfficial Link","The candidates must have a minimum bachelor’s degree or be currently enrolled in a degree program.The student’s graduation must be completed by 31st August 2025.The student must have an excellent academic record.The applicant must be proficient in English and must be certified proof.The candidate must be able to live in Beijing during their master’s course.The students from Mainland China must be able to stay in Beijing for whole two years. However, international students can go back and continue these from their homes with the permission of their advisors.There is no compulsion for Chinese language Knowledge, As international students receive Chinese Language Courses on a mandatory basis.Both males and females can apply.",China,Yenching Academy,The duration of the Yenching Academy China Scholarship is 2 years.,Master’s Degree Program
Wuhan University CSC Scholarship in China 2024 | Fully Funded | Chinese Government Scholarship,"Do you aspire to explore the vibrant nation of China? Well, the opportunity you’ve been waiting for is here. TheChinese Government ScholarshipProgram- Belt and Road Program of Wuhan University (2024) is inviting students to embark on an exciting academic journey. Thisfully-funded scholarshipopens doors to pursue master’s and doctoral degrees, all designed to empower you for a successful career.
What sets this program apart is its tailor-made approach to align with the demands of the job market. It’s time to turn your dreams of studying abroad into reality, as this scholarship encourages you to seize the moment and enhance your skill set. Under the guidance of esteemed mentors, you’ll not only gain theoretical knowledge but also acquire practical skills that are invaluable for your future.
Wuhan University, renowned for its international programs in Central and Western China, stands as your gateway to academic excellence. These programs are meticulously crafted to meet global educational standards and prepare you for a world of opportunities. The best part? These opportunities come to you free of charge, making it an opportunity too good to miss.
China, with its rich culture and heritage, is waiting to welcome you with open arms. The Chinese Government Scholarship – Belt and Road Program 2024, supported by China’s Ministry of Education, aims to attract bright minds from around the world. Wuhan University, a distinguished institution, partners with the government to offer master’s and doctoral degrees. As you pursue your studies, you’ll also have the chance to explore the university’s magnificent campus, characterized by its elegant Eastern architectural style.
By choosing this path, you’ll not only gain knowledge but also create lasting memories. Embrace this opportunity to broaden your horizons, and step into a world of learning and personal growth. Wuhan University eagerly awaits your application to the Chinese GovernmentScholarship in China.",https://scholarshipscorner.website/wuhan-university-csc-scholarship-in-china/,https://admission.whu.edu.cn/en/?c=content&a=list&catid=188,"The application deadline isApril 15th, 2024.
Apply NowOfficial Link","Everyone having non-Chinese nationality can apply.A person with good mental and physical health can apply.An excellent academic record is required.For a Master’s degree, applicants must be under the age of 30 years.For a Doctoral degree, applicants must be under the age of 40 years.Students who have passed HSK level 3 can apply for the one-year Chinese language training course and then apply for the degree study.Students must pass HSK level 4 when applying for Chinese-taught programs.Students who have passed the HSK level should take a one-year Chinese language course before applying for the major study programs.Students who have passed HSK level 5, are eligible to apply for major study programs directly.You must have proficiency in the English Language if applying for English-taught programs (TOEFL 80+, IELTS 5.5+).",China,Wuhan University,The duration of the scholarship 2024 in China is 2 to 3 years for a master’s study program and 3 to 4 years for a doctoral study program including a 1-year Chinese language course for both programs.,Master’s Degree ProgramPh.D. Degree Program
